WORD,IND_TF
兆易,0.875
兴齐,0.875
眼药,0.875
麦迪,0.875
黑豹,0.5833333333333333
居首,0.4455128205128205
