WORD,IND_TF
华媒,0.15384615384615385
居首,0.11858974358974358
