INDUSTRY,HEAT
基础化工,0.0004758748163265307
纺织服装,0.0003753769962027237
轻工制造,0.00036460868305011
电力设备及新能源,0.00033969002679908294
机械,0.00031596198146875487
计算机,0.00021670939756184688
医药,0.00018286318734816334
综合,0.00017827277972092229
消费者服务,0.00014676253753521896
房地产,0.00013874714521623004
商贸零售,0.00012913037673169565
有色金属,0.0001192774386800435
银行,0.00011699099144746867
电力及公用事业,0.00011505485334422345
电子,0.0001126044560151443
煤炭,0.0001105670169664346
nan,0.00010950930397621564
石油石化,0.00010864595983942414
食品饮料,0.00010858110226483204
非银行金融,0.00010544600824365883
国防军工,0.00010427859554875036
建材,9.986787883755646e-05
建筑,9.51241474132634e-05
农林牧渔,8.594127114053393e-05
交通运输,8.363746964632965e-05
传媒,8.288400397505946e-05
家电,6.0533159215499506e-05
钢铁,5.724046870159553e-05
通信,5.467887204954916e-05
汽车,4.6397228860728176e-05
