INDUSTRY,HEAT
机械,0.0003095707668501497
电力设备及新能源,0.00029953284930036737
基础化工,0.00025962697495677124
纺织服装,0.0002077021165745078
计算机,0.00020657719252521303
轻工制造,0.00017170190045858
nan,0.00014516375415473326
煤炭,0.00014229624315656385
消费者服务,0.0001420678809989647
医药,0.00013434798301824134
房地产,0.0001342968704590488
综合,0.00013417761931551215
有色金属,0.00013269047753940933
电子,0.0001262174818533078
电力及公用事业,0.00011515500762921367
国防军工,0.00011357657567514395
商贸零售,0.00010526519137888347
建筑,0.00010499390116283926
石油石化,0.00010419920530210856
建材,0.00010249219071251538
农林牧渔,9.982940848012023e-05
银行,9.873574188033038e-05
交通运输,9.307095615424052e-05
钢铁,7.743008616615166e-05
食品饮料,7.718860825312797e-05
家电,7.450196111254079e-05
非银行金融,7.189674623050434e-05
通信,6.898712283380995e-05
汽车,6.865328037950817e-05
传媒,5.8546965000222314e-05
