INDUSTRY,HEAT
综合,0.0002955897998359779
有色金属,0.0002674069057876735
电子,0.0002572078762189804
电力及公用事业,0.0002459689210631004
煤炭,0.00024577120304035166
建筑,0.00023567754694952267
医药,0.00023558248196359433
建材,0.00023384208766485902
基础化工,0.0002302305705434829
国防军工,0.00021690509482042211
商贸零售,0.00021586102271633662
房地产,0.00021258626654510184
石油石化,0.00020607314862381917
机械,0.0002008527361460865
交通运输,0.00019898608441329762
轻工制造,0.00019252741332969752
电力设备及新能源,0.00018765720757433485
农林牧渔,0.0001802871537122693
计算机,0.00017807667514681486
纺织服装,0.00017701749825292846
消费者服务,0.00017536609263694178
nan,0.00016991445874775464
食品饮料,0.00016219516301625985
家电,0.00014087976775792817
银行,0.00013879415138673868
通信,0.0001347247651279532
钢铁,9.498938505085174e-05
汽车,9.048729716579885e-05
非银行金融,8.589219030201152e-05
传媒,6.810455846776309e-05
