INDUSTRY,HEAT
综合,0.000747017311682602
电力及公用事业,0.0006465053154880452
有色金属,0.0006437120611032362
电子,0.0006082984838050703
建材,0.0005948686836391644
商贸零售,0.0005883818870096977
交通运输,0.0005591530210396163
医药,0.0005446821472159507
国防军工,0.0005362285469850142
建筑,0.0005014794093185774
房地产,0.00044794424749841914
农林牧渔,0.0004476423466267214
石油石化,0.0004392244141503388
食品饮料,0.0003960231968966894
通信,0.0003790265931770519
家电,0.00037613284614336354
煤炭,0.0003375952131423292
银行,0.0002444272491544437
基础化工,0.00023600666936736118
轻工制造,0.00020794595483699478
纺织服装,0.00019800413701948142
电力设备及新能源,0.00017325723891055108
机械,0.00015037725480707124
计算机,0.00014720744270281018
nan,0.00014475532313387075
消费者服务,9.691259996301468e-05
传媒,9.329853793754038e-05
汽车,9.048354216835032e-05
钢铁,8.633631626730893e-05
非银行金融,7.0218237457167e-05
