INDUSTRY,HEAT
综合,0.00026106991351275655
基础化工,0.0002575723585326648
电子,0.0002255022253935495
有色金属,0.0002242466079671877
机械,0.00022218252391790675
医药,0.00022155694511799833
nan,0.000217933591765207
电力设备及新能源,0.00021434585445105023
纺织服装,0.0002088014506547317
建材,0.00020658409881667536
商贸零售,0.00020309291395406132
建筑,0.00020199206737394612
电力及公用事业,0.00020110644819222188
房地产,0.0001996561693433077
轻工制造,0.00019549223386163423
国防军工,0.00018291763273392043
交通运输,0.0001811740948617983
石油石化,0.00017151338574081717
计算机,0.00015246467586184026
煤炭,0.00015164615917536307
农林牧渔,0.00015117564529633907
食品饮料,0.00013979758221274182
消费者服务,0.00013654878632380921
银行,0.0001351573699198614
通信,0.00011905141808238011
家电,0.0001168723288844308
钢铁,6.916985098754026e-05
非银行金融,6.85661327465813e-05
汽车,6.080383206860439e-05
传媒,5.741004719871257e-05
