INDUSTRY,HEAT
基础化工,0.0003225417813301417
纺织服装,0.000248747131166379
轻工制造,0.0002446205268001254
机械,0.00023744067851683037
nan,0.0002361814978216015
电力设备及新能源,0.00022881773880325973
电子,0.0002249656995191801
综合,0.00021666859364554957
医药,0.00020432308546044467
有色金属,0.00020020377757819162
消费者服务,0.00018548923379508675
房地产,0.00017497772166052928
计算机,0.0001727196000790349
商贸零售,0.0001689326398981503
建材,0.00016774175666565174
建筑,0.00016739034471599984
国防军工,0.0001658797305568148
石油石化,0.00016479155535050648
食品饮料,0.00016026048560869094
电力及公用事业,0.00015441921297907317
煤炭,0.00014583616368554644
汽车,0.00012632882768846856
农林牧渔,0.0001250062605504754
交通运输,0.00012298762626030104
通信,0.00010730648244956911
银行,0.0001064214979365099
钢铁,0.00010283735101478532
家电,9.932493787056945e-05
非银行金融,8.324067164886483e-05
传媒,8.292895309275129e-05
