WORD,IND_TF
万科,0.07692307692307693
志强,0.05568561872909699
泛海,0.02625418060200669
入局,0.018561872909698997
选举,0.018561872909698997
