WORD,IND_TF
万科,0.07692307692307693
登场,0.0129973474801061
