WORD,IND_TF
煤炭,0.12709544988026
煤层气,0.0945945945945946
煤矿,0.05405405405405406
