WORD,IND_TF
东航,0.3076923076923077
物流,0.23076923076923078
中国东方航空,0.15384615384615385
客机,0.15384615384615385
东方航空,0.07692307692307693
航班,0.07692307692307693
